joueur,equipe,age,matchs,minutes_par_match,points,rebonds,passes,interceptions,contres,pertes_balle,pct_tir,pct_3pts,pct_lf,plus_minus,double_doubles,pct_victoires
A.J. Lawson,DAL,22.0,15,7.2,3.7,1.4,0.1,0.1,0.0,0.2,0.5,0.4,0.25,-3.1,0,0.333
AJ Green,MIL,23.0,35,9.9,4.4,1.3,0.6,0.2,0.0,0.3,0.424,0.419,1.0,-0.7,0,0.771
AJ Griffin,ATL,19.0,72,19.5,8.9,2.1,1.0,0.6,0.2,0.6,0.465,0.39,0.894,0.9,0,0.472
Aaron Gordon,DEN,27.0,68,30.2,16.3,6.6,3.0,0.8,0.8,1.4,0.564,0.347,0.608,7.6,11,0.662
Aaron Holiday,ATL,26.0,63,13.4,3.9,1.2,1.4,0.6,0.2,0.6,0.418,0.409,0.844,0.3,0,0.508
Aaron Nesmith,IND,23.0,73,24.9,10.1,3.8,1.3,0.8,0.5,1.0,0.427,0.366,0.838,-2.9,1,0.411
Aaron Wiggins,OKC,24.0,70,18.5,6.8,3.0,1.1,0.6,0.2,0.8,0.512,0.393,0.831,0.1,1,0.529
Admiral Schofield,ORL,26.0,37,12.2,4.2,1.7,0.8,0.2,0.1,0.4,0.451,0.324,0.913,-2.1,0,0.378
Al Horford,BOS,37.0,63,30.5,9.8,6.2,3.0,0.5,1.0,0.6,0.476,0.446,0.714,4.9,7,0.698
Alec Burks,DET,31.0,51,22.0,12.8,3.1,2.2,0.7,0.2,1.1,0.436,0.414,0.814,-0.1,0,0.235
Aleksej Pokusevski,OKC,21.0,34,20.6,8.1,4.7,1.9,0.6,1.3,1.3,0.434,0.365,0.629,-5.8,3,0.471
Alex Caruso,CHI,29.0,67,23.5,5.6,2.9,2.9,1.5,0.7,1.1,0.455,0.364,0.808,3.0,1,0.493
Alex Len,SAC,29.0,26,6.2,1.7,2.3,0.5,0.2,0.4,0.6,0.533,0.0,0.688,0.7,0,0.577
Alperen Sengun,HOU,20.0,75,28.9,14.8,9.0,3.9,0.9,0.9,2.6,0.553,0.333,0.715,-3.8,29,0.24
Amir Coffey,LAC,25.0,50,12.5,3.4,1.1,1.1,0.1,0.1,0.4,0.386,0.275,0.778,-2.3,0,0.52
Andre Drummond,CHI,29.0,67,12.7,6.0,6.6,0.5,0.7,0.4,1.1,0.606,0.0,0.536,0.4,8,0.478
Andrew Nembhard,IND,23.0,75,27.6,9.5,2.7,4.5,0.9,0.2,1.7,0.441,0.35,0.79,-3.5,5,0.427
Andrew Wiggins,GSW,28.0,37,32.2,17.1,5.0,2.3,1.2,0.8,1.3,0.473,0.396,0.611,3.2,3,0.514
Anfernee Simons,POR,23.0,62,35.0,21.1,2.6,4.1,0.7,0.2,2.1,0.447,0.377,0.894,-1.2,0,0.435
Anthony Davis,LAL,30.0,56,34.0,25.9,12.5,2.6,1.1,2.0,2.2,0.563,0.257,0.784,3.7,40,0.554
Anthony Edwards,MIN,21.0,79,36.0,24.6,5.8,4.4,1.6,0.7,3.3,0.459,0.369,0.756,1.2,9,0.506
Anthony Gill,WAS,30.0,59,10.6,3.3,1.7,0.6,0.1,0.2,0.3,0.538,0.138,0.731,-0.2,0,0.356
Anthony Lamb,GSW,25.0,62,19.3,6.7,3.5,1.5,0.5,0.3,0.9,0.471,0.367,0.767,0.5,0,0.581
Austin Reaves,LAL,25.0,64,28.8,13.0,3.0,3.4,0.5,0.3,1.5,0.529,0.398,0.864,3.3,1,0.547
Austin Rivers,MIN,30.0,52,19.5,4.9,1.6,1.4,0.5,0.1,0.4,0.435,0.35,0.769,-2.7,0,0.481
Ayo Dosunmu,CHI,23.0,80,26.2,8.6,2.8,2.6,0.8,0.3,1.2,0.493,0.312,0.805,-1.0,0,0.5
Bam Adebayo,MIA,25.0,75,34.6,20.4,9.2,3.2,1.2,0.8,2.5,0.54,0.083,0.806,1.6,31,0.533
Ben Simmons,BKN,26.0,42,26.3,6.9,6.3,6.1,1.3,0.6,2.3,0.566,0.0,0.439,1.0,4,0.571
Bennedict Mathurin,IND,20.0,78,28.5,16.7,4.1,1.5,0.6,0.2,1.9,0.434,0.323,0.828,-2.3,0,0.423
Bismack Biyombo,PHX,30.0,61,14.3,4.3,4.3,0.9,0.3,1.4,0.8,0.578,0.0,0.357,0.8,3,0.541
Blake Griffin,BOS,34.0,41,13.9,4.1,3.8,1.5,0.3,0.2,0.5,0.485,0.348,0.656,2.6,0,0.659
Blake Wesley,SAS,20.0,37,18.1,5.0,2.2,2.6,0.7,0.1,1.8,0.321,0.385,0.591,-5.4,0,0.243
Boban Marjanovic,HOU,34.0,31,5.5,3.3,1.9,0.3,0.2,0.1,0.5,0.683,0.0,0.741,2.1,0,0.226
Bobby Portis,MIL,28.0,70,26.0,14.1,9.6,1.5,0.4,0.2,1.2,0.496,0.37,0.768,0.2,38,0.671
Bogdan Bogdanovic,ATL,30.0,54,27.9,14.0,3.1,2.8,0.8,0.3,1.2,0.447,0.406,0.831,1.2,0,0.5
Bojan Bogdanovic,DET,34.0,59,32.1,21.6,3.8,2.6,0.6,0.1,2.3,0.488,0.411,0.884,-5.6,0,0.254
Bol Bol,ORL,23.0,70,21.5,9.1,5.8,1.0,0.4,1.2,1.6,0.546,0.265,0.759,-2.1,6,0.371
Bones Hyland,LAC,22.0,56,19.4,11.8,2.4,3.1,0.7,0.3,1.5,0.399,0.371,0.843,-2.3,1,0.643
Bradley Beal,WAS,29.0,50,33.5,23.2,3.9,5.4,0.9,0.7,2.9,0.506,0.365,0.842,0.8,2,0.48
Brandon Boston Jr.,LAC,21.0,22,11.3,6.5,1.4,0.9,0.4,0.0,0.5,0.418,0.414,0.763,-2.0,0,0.409
Brandon Clarke,MEM,26.0,56,19.5,10.0,5.5,1.3,0.6,0.7,1.0,0.656,0.167,0.719,-0.3,6,0.571
Brandon Ingram,NOP,25.0,45,34.2,24.7,5.5,5.8,0.7,0.4,3.3,0.484,0.39,0.882,2.1,6,0.511
Brook Lopez,MIL,35.0,78,30.4,15.9,6.7,1.3,0.5,2.5,1.4,0.531,0.374,0.784,5.1,11,0.731
Bruce Brown,DEN,26.0,80,28.5,11.5,4.1,3.4,1.1,0.6,1.5,0.483,0.358,0.758,0.4,3,0.663
Bruno Fernando,ATL,24.0,39,10.4,3.9,3.5,0.8,0.2,0.9,0.6,0.527,0.0,0.7,-1.9,1,0.333
Bryce McGowens,CHA,20.0,46,17.1,5.3,2.0,1.2,0.3,0.1,0.9,0.396,0.325,0.75,-3.3,0,0.348
Bryn Forbes,MIN,29.0,25,10.7,3.6,0.6,0.7,0.3,0.1,0.5,0.361,0.304,1.0,-1.9,0,0.36
Buddy Boeheim,DET,23.0,10,9.0,1.6,0.6,0.4,0.2,0.0,0.0,0.185,0.16,1.0,0.3,0,0.2
Buddy Hield,IND,30.0,80,31.0,16.8,5.0,2.8,1.2,0.3,1.7,0.458,0.425,0.822,-1.1,3,0.438
CJ McCollum,NOP,31.0,75,35.3,20.9,4.4,5.7,0.9,0.5,2.4,0.437,0.389,0.769,0.8,6,0.507
Cade Cunningham,DET,21.0,12,33.3,19.9,6.2,6.0,0.8,0.6,3.3,0.415,0.279,0.837,-5.0,3,0.25
Caleb Houstan,ORL,20.0,51,15.9,3.8,1.9,0.6,0.2,0.1,0.4,0.363,0.338,0.833,-1.6,0,0.392
Caleb Martin,MIA,27.0,71,29.3,9.6,4.8,1.6,1.0,0.4,1.1,0.464,0.356,0.805,-0.1,2,0.535
Cam Reddish,POR,23.0,40,24.7,9.7,2.2,1.4,1.0,0.4,1.2,0.446,0.313,0.853,-4.8,0,0.35
Cam Thomas,BKN,21.0,57,16.6,10.6,1.7,1.4,0.4,0.1,1.1,0.441,0.383,0.868,-0.1,0,0.526
Cameron Johnson,BKN,27.0,42,28.6,15.5,4.4,1.9,1.2,0.3,0.9,0.47,0.404,0.842,3.7,1,0.595
Cameron Payne,PHX,28.0,48,20.2,10.3,2.2,4.5,0.7,0.2,1.7,0.415,0.368,0.766,1.6,3,0.563
Caris LeVert,CLE,28.0,74,30.2,12.1,3.8,3.9,1.0,0.3,1.6,0.431,0.392,0.722,2.6,1,0.608
Cedi Osman,CLE,28.0,77,20.1,8.7,2.3,1.5,0.5,0.1,0.7,0.451,0.372,0.694,3.0,1,0.623
Charles Bassey,SAS,22.0,35,14.5,5.7,5.5,1.4,0.5,0.9,1.2,0.644,0.375,0.595,-0.9,0,0.257
Chimezie Metu,SAC,26.0,66,10.4,4.9,3.0,0.6,0.3,0.3,0.5,0.589,0.237,0.74,1.3,0,0.621
Chris Boucher,TOR,30.0,76,20.0,9.4,5.5,0.4,0.6,0.8,0.5,0.493,0.328,0.762,-0.2,9,0.513
Chris Duarte,IND,25.0,46,19.5,7.9,2.5,1.4,0.5,0.2,0.9,0.369,0.316,0.847,-2.5,0,0.413
Chris Paul,PHX,38.0,59,32.0,13.9,4.3,8.9,1.5,0.4,1.9,0.44,0.375,0.831,1.4,17,0.559
Christian Braun,DEN,22.0,76,15.5,4.7,2.4,0.8,0.5,0.2,0.5,0.495,0.354,0.625,-1.5,0,0.645
Christian Koloko,TOR,22.0,58,13.8,3.1,2.9,0.5,0.4,1.0,0.3,0.48,0.083,0.627,2.7,0,0.5
Christian Wood,DAL,27.0,67,25.9,16.6,7.3,1.8,0.4,1.1,1.8,0.515,0.376,0.772,-0.7,12,0.493
Chuma Okeke,ORL,24.0,27,19.2,4.7,3.6,1.4,0.7,0.4,0.6,0.352,0.302,0.762,-4.4,0,0.296
Clint Capela,ATL,29.0,65,26.6,12.0,11.0,0.9,0.7,1.2,0.8,0.653,0.0,0.603,-0.5,35,0.538
Coby White,CHI,23.0,74,23.4,9.7,2.9,2.8,0.7,0.1,1.0,0.443,0.372,0.871,1.9,1,0.5
Cody Zeller,MIA,30.0,15,14.4,6.5,4.3,0.7,0.2,0.3,0.9,0.627,0.0,0.686,-3.2,0,0.4
Cole Anthony,ORL,23.0,60,25.9,13.0,4.8,3.9,0.6,0.5,1.5,0.454,0.364,0.894,-0.4,1,0.467
Collin Sexton,UTA,24.0,48,23.9,14.3,2.2,2.9,0.6,0.1,1.8,0.506,0.393,0.819,-0.6,1,0.5
Corey Kispert,WAS,24.0,74,28.3,11.1,2.8,1.2,0.4,0.1,0.7,0.497,0.424,0.852,-1.7,0,0.419
Cory Joseph,DET,31.0,62,19.8,6.9,1.7,3.5,0.5,0.1,0.9,0.427,0.389,0.792,-1.8,0,0.194
D'Angelo Russell,LAL,27.0,71,32.5,17.8,3.0,6.2,1.0,0.4,2.6,0.469,0.396,0.829,1.2,9,0.549
Daishen Nix,HOU,21.0,57,16.0,4.0,1.7,2.3,0.5,0.1,1.5,0.342,0.286,0.667,-2.6,0,0.263
Dalano Banton,TOR,23.0,31,9.0,4.6,1.5,1.2,0.4,0.4,0.6,0.423,0.294,0.708,-1.1,0,0.548
Dalen Terry,CHI,20.0,38,5.6,2.2,1.0,0.6,0.3,0.1,0.2,0.444,0.259,0.667,0.3,0,0.5
Damian Jones,UTA,27.0,41,11.6,3.5,3.0,0.4,0.2,0.5,0.6,0.64,0.588,0.759,-2.0,1,0.293
Damian Lillard,POR,32.0,58,36.3,32.2,4.8,7.3,0.9,0.3,3.3,0.463,0.371,0.914,1.8,16,0.466
Damion Lee,PHX,30.0,74,20.4,8.2,3.0,1.3,0.4,0.1,1.1,0.442,0.445,0.904,1.1,0,0.541
Daniel Gafford,WAS,24.0,78,20.6,9.0,5.6,1.1,0.4,1.3,1.1,0.732,0.0,0.679,-1.1,10,0.41
Danny Green,CLE,35.0,11,12.6,5.5,1.3,0.5,0.5,0.3,0.9,0.449,0.432,1.0,-1.5,0,0.545
Danuel House Jr.,PHI,29.0,56,14.4,4.8,1.7,0.8,0.3,0.2,0.5,0.472,0.336,0.75,-0.3,0,0.679
Dario Saric,OKC,29.0,57,14.1,6.4,3.6,1.3,0.4,0.1,1.0,0.458,0.391,0.829,0.6,2,0.456
Darius Bazley,PHX,22.0,43,14.3,5.2,3.2,0.9,0.5,0.8,0.6,0.454,0.377,0.543,-1.6,0,0.442
Darius Garland,CLE,23.0,69,35.5,21.6,2.7,7.8,1.2,0.1,2.9,0.462,0.41,0.863,6.3,18,0.58
David Duke Jr.,BKN,23.0,23,9.9,3.7,1.3,0.9,0.4,0.0,0.8,0.462,0.083,0.706,-1.5,0,0.435
David Roddy,MEM,22.0,70,18.0,6.7,2.8,0.8,0.4,0.3,0.8,0.429,0.307,0.631,-0.9,0,0.629
Davion Mitchell,SAC,24.0,80,18.1,5.6,1.3,2.3,0.6,0.2,0.8,0.454,0.32,0.806,0.0,0,0.588
Davis Bertans,DAL,30.0,45,10.9,4.6,1.2,0.5,0.2,0.2,0.2,0.431,0.39,0.867,-0.8,0,0.444
Davon Reed,LAL,27.0,43,8.0,2.1,1.4,0.5,0.3,0.1,0.5,0.333,0.37,0.667,-2.3,0,0.674
Day'Ron Sharpe,BKN,21.0,48,11.5,4.7,4.2,0.8,0.3,0.7,0.9,0.544,0.545,0.636,-2.1,2,0.458
De'Aaron Fox,SAC,25.0,73,33.4,25.0,4.2,6.1,1.1,0.3,2.5,0.512,0.324,0.78,2.4,11,0.603
De'Andre Hunter,ATL,25.0,67,31.7,15.4,4.2,1.4,0.5,0.3,1.2,0.461,0.35,0.826,-0.3,1,0.522
De'Anthony Melton,PHI,25.0,77,27.9,10.1,4.1,2.6,1.6,0.5,1.3,0.425,0.39,0.793,1.3,0,0.649
DeAndre Jordan,DEN,34.0,39,15.0,5.1,5.2,0.9,0.3,0.6,1.2,0.765,1.0,0.458,-3.1,2,0.59
DeMar DeRozan,CHI,33.0,74,36.2,24.5,4.6,5.1,1.1,0.5,2.1,0.504,0.324,0.872,0.9,6,0.5
Dean Wade,CLE,26.0,44,20.3,4.7,3.4,0.8,0.6,0.5,0.4,0.412,0.354,0.652,2.5,0,0.682
Deandre Ayton,PHX,24.0,67,30.4,18.0,10.0,1.7,0.6,0.8,1.8,0.589,0.292,0.76,-0.1,36,0.537
Dejounte Murray,ATL,26.0,74,36.4,20.5,5.3,6.1,1.5,0.3,2.2,0.464,0.344,0.832,-0.8,8,0.514
Delon Wright,WAS,31.0,50,24.4,7.4,3.6,3.9,1.8,0.3,0.9,0.474,0.345,0.867,1.4,0,0.52
Deni Avdija,WAS,22.0,76,26.6,9.2,6.4,2.8,0.9,0.4,1.6,0.437,0.297,0.739,-0.7,11,0.434
Dennis Schroder,LAL,29.0,66,30.1,12.6,2.5,4.5,0.8,0.2,1.7,0.415,0.329,0.857,1.9,2,0.561
Dennis Smith Jr.,CHA,25.0,54,25.7,8.8,3.1,4.8,1.4,0.5,1.5,0.412,0.216,0.736,-1.3,1,0.352
Derrick Jones Jr.,CHI,26.0,64,14.0,5.0,2.4,0.5,0.5,0.6,0.4,0.5,0.338,0.738,1.9,0,0.453
Derrick Rose,NYK,34.0,27,12.5,5.6,1.5,1.7,0.3,0.2,0.8,0.384,0.302,0.917,-1.1,0,0.444
Derrick White,BOS,28.0,82,28.3,12.4,3.6,3.9,0.7,0.9,1.2,0.462,0.381,0.875,6.0,7,0.695
Desmond Bane,MEM,24.0,58,31.7,21.5,5.0,4.4,1.0,0.4,2.2,0.479,0.408,0.883,6.1,1,0.655
Devin Booker,PHX,26.0,53,34.6,27.8,4.5,5.5,1.0,0.3,2.7,0.494,0.351,0.855,4.7,5,0.642
Devin Vassell,SAS,22.0,38,31.0,18.5,3.9,3.6,1.1,0.4,1.5,0.439,0.387,0.78,-7.8,0,0.316
Devonte' Graham,SAS,28.0,73,18.3,7.4,1.7,2.7,0.6,0.2,0.7,0.374,0.352,0.748,-2.2,0,0.425
Dewayne Dedmon,PHI,33.0,38,11.2,5.2,3.5,0.7,0.2,0.5,0.7,0.51,0.308,0.673,-3.3,0,0.605
Dillon Brooks,MEM,27.0,73,30.3,14.3,3.3,2.6,0.9,0.2,1.4,0.396,0.326,0.779,2.8,0,0.63
Domantas Sabonis,SAC,27.0,79,34.6,19.1,12.3,7.3,0.8,0.5,2.9,0.615,0.373,0.742,2.7,65,0.595
Dominick Barlow,SAS,20.0,28,14.6,3.9,3.6,0.9,0.4,0.7,0.5,0.535,0.0,0.72,-3.9,2,0.179
Donovan Mitchell,CLE,26.0,68,35.8,28.3,4.3,4.4,1.5,0.4,2.6,0.484,0.386,0.867,5.0,5,0.647
Donte DiVincenzo,GSW,26.0,72,26.3,9.4,4.5,3.5,1.3,0.1,1.6,0.435,0.397,0.817,1.7,4,0.583
Dorian Finney-Smith,BKN,30.0,66,30.4,8.3,4.8,1.5,0.8,0.5,0.9,0.391,0.337,0.763,-0.1,2,0.47
Doug McDermott,SAS,31.0,64,20.5,10.2,2.2,1.4,0.2,0.1,0.9,0.457,0.413,0.757,-3.7,0,0.297
Draymond Green,GSW,33.0,73,31.5,8.5,7.2,6.8,1.0,0.8,2.8,0.527,0.305,0.713,4.7,11,0.562
Drew Eubanks,POR,26.0,78,20.3,6.6,5.4,1.3,0.5,1.3,0.9,0.641,0.389,0.664,-1.7,3,0.397
Dru Smith,BKN,25.0,15,10.6,2.9,1.6,1.5,0.7,0.3,0.2,0.4,0.263,1.0,-1.9,0,0.467
Duane Washington Jr.,NYK,23.0,31,12.7,7.9,1.2,2.0,0.2,0.1,1.1,0.367,0.36,0.667,-0.2,0,0.548
Duncan Robinson,MIA,29.0,42,16.4,6.4,1.6,1.1,0.3,0.0,0.7,0.371,0.328,0.906,-1.3,0,0.452
Dwight Powell,DAL,31.0,76,19.2,6.7,4.1,0.9,0.6,0.3,0.9,0.732,0.0,0.667,2.2,1,0.487
Dyson Daniels,NOP,20.0,59,17.7,3.8,3.2,2.3,0.7,0.2,1.0,0.418,0.314,0.65,-0.1,0,0.559
Edmond Sumner,BKN,27.0,53,13.9,7.1,1.5,1.3,0.6,0.2,0.9,0.461,0.356,0.917,0.5,0,0.623
Eric Gordon,LAC,34.0,69,28.5,12.4,1.9,2.7,0.6,0.4,1.5,0.446,0.371,0.821,-3.0,0,0.362
Eugene Omoruyi,DET,26.0,40,16.1,7.0,2.8,0.7,0.7,0.1,0.9,0.443,0.281,0.68,-1.0,0,0.25
Evan Fournier,NYK,30.0,27,17.0,6.1,1.8,1.3,0.6,0.1,0.8,0.337,0.307,0.857,-2.0,0,0.556
Evan Mobley,CLE,21.0,79,34.4,16.2,9.0,2.8,0.8,1.5,1.8,0.554,0.216,0.674,4.3,24,0.608
Frank Kaminsky,HOU,30.0,36,6.5,2.5,1.4,0.9,0.2,0.1,0.3,0.492,0.394,0.875,-0.1,0,0.361
Frank Ntilikina,DAL,24.0,47,12.9,2.9,1.3,1.2,0.3,0.1,0.6,0.364,0.254,0.667,0.7,0,0.426
Franz Wagner,ORL,21.0,80,32.6,18.6,4.1,3.5,1.0,0.2,2.1,0.485,0.361,0.842,0.6,2,0.413
Fred VanVleet,TOR,29.0,69,36.7,19.3,4.1,7.2,1.8,0.6,2.0,0.393,0.342,0.898,2.8,10,0.493
Furkan Korkmaz,PHI,25.0,37,9.6,3.8,1.1,0.6,0.3,0.1,0.6,0.432,0.391,0.722,0.1,0,0.649
Gabe Vincent,MIA,26.0,68,25.9,9.4,2.1,2.5,0.9,0.1,1.4,0.402,0.334,0.872,-0.4,0,0.544
Garrett Temple,NOP,37.0,25,6.5,2.0,0.7,0.5,0.4,0.1,0.2,0.4,0.423,0.75,-0.7,0,0.64
Garrison Mathews,ATL,26.0,54,12.7,4.8,1.4,0.5,0.4,0.1,0.4,0.363,0.35,0.906,-1.6,0,0.296
Gary Harris,ORL,28.0,48,24.7,8.3,2.0,1.2,0.9,0.3,0.6,0.45,0.431,0.9,-1.8,0,0.458
Gary Payton II,GSW,30.0,22,16.7,4.6,3.1,1.4,1.0,0.2,0.7,0.594,0.5,0.857,1.8,0,0.591
Gary Trent Jr.,TOR,24.0,66,32.1,17.4,2.6,1.6,1.6,0.2,0.8,0.433,0.369,0.839,-0.8,0,0.47
George Hill,IND,37.0,46,18.1,5.0,1.8,2.4,0.6,0.1,0.7,0.47,0.358,0.764,0.9,0,0.587
Georges Niang,PHI,29.0,78,19.4,8.2,2.4,1.0,0.4,0.2,0.7,0.442,0.401,0.867,1.0,0,0.654
Giannis Antetokounmpo,MIL,28.0,63,32.1,31.1,11.8,5.7,0.8,0.8,3.9,0.553,0.275,0.645,5.4,46,0.746
Goga Bitadze,ORL,23.0,38,12.0,4.4,3.6,1.0,0.4,0.7,0.6,0.552,0.231,0.548,0.7,2,0.342
Goran Dragic,MIL,37.0,58,15.0,6.3,1.4,2.6,0.2,0.1,1.1,0.421,0.359,0.689,0.1,0,0.466
Gordon Hayward,CHA,33.0,50,31.5,14.7,4.3,4.1,0.8,0.2,2.0,0.475,0.325,0.811,-2.2,2,0.4
Gorgui Dieng,SAS,33.0,31,11.6,3.9,3.5,1.7,0.1,0.5,1.0,0.385,0.28,0.769,-4.9,2,0.097
Grant Williams,BOS,24.0,79,25.9,8.1,4.6,1.7,0.5,0.4,1.0,0.454,0.395,0.77,2.6,3,0.696
Grayson Allen,MIL,27.0,72,27.4,10.4,3.3,2.3,0.9,0.2,1.0,0.44,0.399,0.905,3.2,0,0.736
Greg Brown III,POR,21.0,16,5.8,1.8,1.2,0.2,0.3,0.3,0.4,0.393,0.143,0.417,-0.3,0,0.625
Hamidou Diallo,DET,24.0,56,17.8,9.3,3.5,1.0,0.9,0.3,1.3,0.573,0.238,0.588,-0.3,0,0.214
Harrison Barnes,SAC,31.0,82,32.5,15.0,4.5,1.6,0.7,0.1,1.0,0.473,0.374,0.847,3.1,0,0.585
Haywood Highsmith,MIA,26.0,54,18.0,4.4,3.5,0.8,0.7,0.3,0.8,0.431,0.339,0.464,-1.9,2,0.519
Herbert Jones,NOP,24.0,66,29.6,9.8,4.1,2.5,1.6,0.6,1.3,0.469,0.335,0.764,2.3,0,0.47
Immanuel Quickley,NYK,23.0,81,28.9,14.9,4.2,3.4,1.0,0.2,1.2,0.448,0.37,0.819,3.9,4,0.58
Isaac Okoro,CLE,22.0,76,21.7,6.4,2.5,1.1,0.7,0.4,0.6,0.494,0.363,0.757,1.7,0,0.632
Isaiah Hartenstein,NYK,25.0,82,19.9,5.0,6.5,1.2,0.6,0.8,0.8,0.535,0.216,0.676,1.8,2,0.573
Isaiah Jackson,IND,21.0,63,16.5,7.2,4.5,0.8,0.5,1.5,0.8,0.563,0.143,0.651,-2.0,5,0.381
Isaiah Joe,OKC,23.0,73,19.1,9.5,2.4,1.2,0.7,0.1,0.5,0.441,0.409,0.82,2.9,0,0.493
Isaiah Livers,DET,24.0,52,23.1,6.7,2.8,0.8,0.5,0.5,0.6,0.417,0.365,0.821,-3.9,1,0.192
Isaiah Mobley,CLE,23.0,12,7.0,2.6,1.7,0.3,0.3,0.3,0.1,0.429,0.375,1.0,2.6,0,0.667
Isaiah Roby,NYK,25.0,42,11.3,4.1,2.6,0.9,0.4,0.2,0.7,0.432,0.3,0.488,-2.6,0,0.214
Isaiah Stewart,DET,22.0,50,28.3,11.3,8.1,1.4,0.4,0.7,1.4,0.442,0.327,0.738,-4.5,13,0.24
Ish Smith,DEN,34.0,43,9.3,2.5,1.3,2.3,0.2,0.2,1.0,0.397,0.167,0.5,-0.8,0,0.581
Ish Wainright,PHX,28.0,60,15.3,4.2,2.3,0.9,0.6,0.4,0.4,0.37,0.329,0.839,1.5,0,0.55
Ivica Zubac,LAC,26.0,76,28.5,10.8,9.9,1.0,0.4,1.3,1.5,0.634,0.0,0.697,-0.4,27,0.566
JD Davison,BOS,20.0,12,5.5,1.6,0.8,0.9,0.2,0.2,0.3,0.421,0.286,0.5,-0.5,0,0.917
JT Thor,CHA,20.0,69,14.0,3.8,2.2,0.5,0.3,0.3,0.6,0.399,0.317,0.702,-2.4,0,0.319
Ja Morant,MEM,23.0,61,31.9,26.2,5.9,8.1,1.1,0.3,3.4,0.466,0.307,0.748,5.0,20,0.656
JaMychal Green,GSW,32.0,57,14.0,6.4,3.6,0.9,0.4,0.4,0.9,0.54,0.378,0.776,-2.7,0,0.526
JaVale McGee,DAL,35.0,42,8.4,4.4,2.5,0.3,0.1,0.6,0.9,0.64,0.4,0.585,-1.4,0,0.476
Jabari Smith Jr.,HOU,20.0,79,31.0,12.8,7.2,1.3,0.5,0.9,1.3,0.408,0.307,0.786,-7.0,16,0.266
Jabari Walker,POR,20.0,56,11.1,3.9,2.3,0.6,0.2,0.2,0.5,0.419,0.286,0.756,-2.1,0,0.375
Jack White,DEN,25.0,17,3.9,1.2,1.0,0.2,0.2,0.1,0.1,0.421,0.333,0.667,-1.0,0,0.765
Jaden Hardy,DAL,20.0,48,14.8,8.8,1.9,1.4,0.4,0.1,1.0,0.438,0.404,0.823,-0.7,0,0.417
Jaden Ivey,DET,21.0,74,31.1,16.3,3.9,5.2,0.8,0.2,3.2,0.416,0.343,0.747,-8.7,8,0.216
Jaden McDaniels,MIN,22.0,79,30.6,12.1,3.9,1.9,0.9,1.0,1.4,0.517,0.398,0.736,0.9,0,0.519
Jaden Springer,PHI,20.0,16,5.6,2.6,0.9,0.5,0.4,0.2,0.2,0.486,0.4,0.75,-0.2,0,0.813
Jae Crowder,MIL,32.0,18,18.9,6.9,3.8,1.5,0.7,0.3,0.4,0.479,0.436,0.833,0.0,0,0.722
Jae'Sean Tate,HOU,27.0,31,21.9,9.1,3.8,2.7,0.7,0.2,1.5,0.48,0.283,0.725,-3.0,0,0.226
Jake LaRavia,MEM,21.0,35,11.8,3.0,1.8,0.6,0.3,0.1,0.5,0.389,0.338,0.778,-2.2,0,0.629
Jakob Poeltl,TOR,27.0,72,26.5,12.5,9.1,2.7,0.9,1.2,1.7,0.629,0.0,0.592,-2.0,19,0.361
Jalen Brunson,NYK,26.0,68,35.0,24.0,3.5,6.2,0.9,0.2,2.1,0.491,0.416,0.829,2.2,5,0.588
Jalen Duren,DET,19.0,67,24.9,9.1,8.9,1.1,0.7,0.9,1.4,0.648,0.0,0.611,-4.2,19,0.239
Jalen Green,HOU,21.0,76,34.2,22.1,3.7,3.7,0.8,0.2,2.6,0.416,0.338,0.786,-5.9,0,0.263
Jalen Johnson,ATL,21.0,70,14.9,5.6,4.0,1.2,0.5,0.5,0.6,0.491,0.288,0.628,-0.1,1,0.5
Jalen McDaniels,PHI,25.0,80,23.9,9.4,4.3,1.6,1.0,0.4,1.2,0.455,0.332,0.841,-1.9,3,0.388
Jalen Smith,IND,23.0,68,18.8,9.4,5.8,1.0,0.3,0.9,1.1,0.476,0.283,0.759,-1.4,7,0.456
Jalen Suggs,ORL,22.0,53,23.5,9.9,3.0,2.9,1.3,0.5,1.8,0.419,0.327,0.723,-0.8,0,0.377
Jalen Williams,OKC,22.0,75,30.3,14.1,4.5,3.3,1.4,0.5,1.6,0.521,0.356,0.812,-0.7,3,0.48
Jamal Cain,MIA,24.0,18,13.3,5.4,2.9,0.7,0.6,0.1,0.3,0.561,0.35,0.773,1.2,0,0.556
Jamal Murray,DEN,26.0,65,32.8,20.0,4.0,6.2,1.0,0.2,2.2,0.454,0.398,0.833,4.6,5,0.662
James Bouknight,CHA,22.0,34,15.2,5.6,2.1,1.2,0.4,0.1,0.9,0.358,0.303,0.667,-2.9,0,0.265
James Harden,PHI,33.0,58,36.8,21.0,6.1,10.7,1.2,0.5,3.4,0.441,0.385,0.867,4.8,36,0.672
James Johnson,IND,36.0,18,9.0,2.8,1.7,0.8,0.4,0.3,0.4,0.449,0.2,0.5,-0.4,0,0.389
James Wiseman,DET,22.0,45,19.3,10.0,5.9,0.7,0.2,0.6,1.1,0.558,0.2,0.701,-7.3,8,0.244
Jared Rhoden,DET,23.0,14,14.1,3.2,2.6,0.3,0.3,0.1,0.2,0.386,0.25,1.0,1.5,0,0.143
Jaren Jackson Jr.,MEM,23.0,63,28.4,18.6,6.8,1.0,1.0,3.0,1.7,0.506,0.355,0.788,5.8,7,0.651
Jarred Vanderbilt,LAL,24.0,78,24.1,7.9,7.5,2.4,1.1,0.3,1.2,0.548,0.322,0.691,-1.3,10,0.551
Jarrett Allen,CLE,25.0,68,32.6,14.3,9.8,1.7,0.8,1.2,1.4,0.644,0.1,0.733,5.1,32,0.647
Jarrett Culver,ATL,24.0,10,13.7,4.4,3.8,0.6,0.6,0.2,0.7,0.395,0.083,0.692,-1.9,0,0.5
Jason Preston,LAC,23.0,14,8.8,2.9,1.6,1.9,0.1,0.0,0.7,0.439,0.278,0.0,-0.8,0,0.286
Javonte Green,CHI,29.0,32,15.0,5.2,2.8,0.7,0.8,0.7,0.6,0.565,0.371,0.667,1.5,0,0.406
Jaxson Hayes,NOP,23.0,47,13.0,5.0,2.8,0.7,0.4,0.4,0.7,0.551,0.103,0.699,-1.5,0,0.468
Jaylen Brown,BOS,26.0,67,35.9,26.6,6.9,3.5,1.1,0.4,2.9,0.491,0.335,0.765,3.8,13,0.687
Jaylen Nowell,MIN,23.0,65,19.3,10.8,2.6,2.0,0.6,0.1,1.0,0.448,0.289,0.778,-0.1,0,0.523
Jaylin Williams,OKC,20.0,49,18.7,5.9,4.9,1.6,0.6,0.2,0.8,0.436,0.407,0.704,-1.8,0,0.469
Jayson Tatum,BOS,25.0,74,36.9,30.1,8.8,4.6,1.1,0.7,2.9,0.466,0.35,0.854,6.4,31,0.703
Jeff Dowtin Jr.,TOR,26.0,25,10.3,2.4,0.9,1.2,0.4,0.1,0.2,0.439,0.313,0.667,-0.4,0,0.68
Jeff Green,DEN,36.0,56,19.5,7.8,2.6,1.2,0.3,0.3,0.8,0.488,0.288,0.744,-3.4,0,0.589
Jerami Grant,POR,29.0,63,35.6,20.5,4.5,2.4,0.8,0.8,1.8,0.475,0.401,0.813,-0.6,2,0.444
Jeremiah Robinson-Earl,OKC,22.0,43,18.9,6.8,4.2,1.0,0.6,0.3,0.4,0.444,0.333,0.833,-0.2,1,0.372
Jeremy Sochan,SAS,20.0,56,26.0,11.0,5.3,2.5,0.8,0.4,1.7,0.453,0.246,0.698,-4.2,2,0.268
Jericho Sims,NYK,24.0,52,15.6,3.4,4.7,0.5,0.3,0.5,0.5,0.776,0.0,0.75,-2.2,2,0.596
Jevon Carter,MIL,27.0,81,22.4,8.0,2.5,2.4,0.8,0.4,1.0,0.423,0.421,0.816,0.8,1,0.704
Jimmy Butler,MIA,33.0,64,33.4,22.9,5.9,5.3,1.8,0.3,1.6,0.539,0.35,0.85,0.7,11,0.547
Jock Landale,PHX,27.0,69,14.2,6.6,4.1,1.0,0.2,0.4,0.9,0.528,0.25,0.752,2.0,3,0.507
Joe Harris,BKN,31.0,74,20.6,7.6,2.2,1.4,0.5,0.2,0.6,0.457,0.426,0.643,-0.3,0,0.541
Joe Ingles,MIL,35.0,46,22.7,6.9,2.8,3.3,0.7,0.1,1.2,0.435,0.409,0.857,1.7,1,0.696
Joel Embiid,PHI,29.0,66,34.6,33.1,10.2,4.2,1.0,1.7,3.4,0.548,0.33,0.857,6.4,39,0.652
John Butler Jr.,POR,20.0,19,11.6,2.4,0.9,0.6,0.4,0.5,0.1,0.321,0.229,0.75,-3.7,0,0.211
John Collins,ATL,25.0,71,30.0,13.1,6.5,1.2,0.6,1.0,1.1,0.508,0.292,0.803,-0.3,11,0.521
John Konchar,MEM,27.0,72,20.7,5.1,4.3,1.4,1.1,0.3,0.5,0.431,0.339,0.778,2.9,2,0.625
John Wall,LAC,32.0,34,22.2,11.4,2.7,5.2,0.8,0.4,2.4,0.407,0.303,0.681,-3.1,1,0.441
Johnny Davis,WAS,21.0,28,15.1,5.8,2.3,1.0,0.4,0.3,0.6,0.386,0.243,0.519,-1.9,0,0.357
Johnny Juzang,UTA,22.0,18,12.9,4.8,2.2,0.4,0.2,0.2,0.2,0.337,0.238,0.5,-4.8,0,0.333
Jonas Valanciunas,NOP,31.0,79,24.9,14.1,10.2,1.8,0.3,0.7,2.0,0.547,0.349,0.826,-0.1,43,0.506
Jonathan Isaac,ORL,25.0,11,11.3,5.0,4.0,0.5,1.3,0.4,0.4,0.415,0.4,0.556,-1.7,0,0.727
Jonathan Kuminga,GSW,20.0,67,20.8,9.9,3.4,1.9,0.6,0.5,1.4,0.525,0.37,0.652,-0.8,1,0.567
Jordan Clarkson,UTA,30.0,61,32.6,20.8,4.0,4.4,0.5,0.2,3.0,0.444,0.338,0.816,0.6,3,0.492
Jordan Goodwin,WAS,24.0,62,17.8,6.6,3.3,2.7,0.9,0.4,0.9,0.448,0.322,0.768,-1.9,0,0.355
Jordan McLaughlin,MIN,27.0,43,15.8,3.7,1.4,3.4,0.7,0.1,0.8,0.421,0.308,0.833,2.0,0,0.512
Jordan Nwora,IND,24.0,62,19.2,8.7,3.7,1.4,0.4,0.2,1.1,0.436,0.408,0.791,-4.1,1,0.581
Jordan Poole,GSW,23.0,82,30.0,20.4,2.7,4.5,0.8,0.3,3.1,0.43,0.336,0.87,-0.1,1,0.537
Jose Alvarado,NOP,25.0,61,21.5,9.0,2.3,3.0,1.1,0.2,1.3,0.411,0.336,0.813,1.7,0,0.492
Josh Christopher,HOU,21.0,64,12.3,5.8,1.1,1.1,0.5,0.2,0.9,0.465,0.236,0.75,-3.5,0,0.25
Josh Giddey,OKC,20.0,76,31.1,16.6,7.9,6.2,0.8,0.4,2.8,0.482,0.325,0.731,-1.4,28,0.447
Josh Green,DAL,22.0,60,25.7,9.1,3.0,1.7,0.7,0.1,1.2,0.537,0.402,0.723,1.3,1,0.45
Josh Hart,NYK,28.0,76,32.3,9.8,7.8,3.8,1.2,0.3,1.5,0.529,0.372,0.75,4.1,10,0.553
Josh Minott,MIN,20.0,15,6.4,3.1,1.7,0.3,0.3,0.4,0.2,0.5,0.333,1.0,1.6,1,0.467
Josh Okogie,PHX,24.0,72,18.8,7.3,3.5,1.5,0.8,0.5,0.9,0.391,0.335,0.724,1.5,2,0.528
Josh Richardson,NOP,29.0,65,23.5,10.1,2.7,2.7,1.1,0.3,1.3,0.431,0.365,0.852,-2.5,1,0.369
Jrue Holiday,MIL,32.0,67,32.6,19.3,5.1,7.4,1.2,0.4,2.9,0.479,0.384,0.859,7.2,16,0.746
Juan Toscano-Anderson,UTA,30.0,52,13.5,3.0,2.4,1.3,0.3,0.2,0.7,0.448,0.186,0.792,-2.8,0,0.365
Juancho Hernangomez,TOR,27.0,42,14.6,2.9,2.9,0.6,0.4,0.1,0.4,0.421,0.254,0.563,0.3,1,0.476
Julian Champagnie,SAS,21.0,17,18.8,9.7,3.5,0.6,0.4,0.3,0.6,0.454,0.402,0.824,-4.4,1,0.412
Julius Randle,NYK,28.0,77,35.5,25.1,10.0,4.1,0.6,0.3,2.8,0.459,0.343,0.757,2.2,40,0.571
Justin Holiday,DAL,34.0,46,15.4,4.5,1.2,0.9,0.4,0.4,0.5,0.377,0.322,0.625,-2.8,0,0.391
Justin Jackson,BOS,28.0,23,4.7,0.9,0.7,0.4,0.2,0.2,0.1,0.259,0.25,0.5,-3.1,0,0.652
Justise Winslow,POR,27.0,29,26.8,6.8,5.0,3.4,1.0,0.4,1.5,0.409,0.311,0.714,-1.3,1,0.517
Jusuf Nurkic,POR,28.0,52,26.8,13.3,9.1,2.9,0.8,0.8,2.3,0.519,0.361,0.661,0.2,18,0.462
KZ Okpala,SAC,24.0,35,7.1,1.3,1.0,0.4,0.2,0.2,0.2,0.421,0.333,0.875,-0.3,0,0.543
Kai Jones,CHA,22.0,46,11.9,3.4,2.7,0.3,0.4,0.7,0.7,0.558,0.211,0.731,-0.7,1,0.283
Karl-Anthony Towns,MIN,27.0,29,33.0,20.8,8.1,4.8,0.7,0.6,3.0,0.495,0.366,0.874,1.3,9,0.517
Kawhi Leonard,LAC,31.0,52,33.6,23.8,6.5,3.9,1.4,0.5,1.7,0.512,0.416,0.871,4.2,4,0.635
Keegan Murray,SAC,22.0,80,29.8,12.2,4.6,1.2,0.8,0.5,0.8,0.453,0.411,0.765,1.2,4,0.588
Keita Bates-Diop,SAS,27.0,67,21.7,9.7,3.7,1.5,0.7,0.3,0.8,0.508,0.394,0.793,-4.0,0,0.269
Keldon Johnson,SAS,23.0,63,32.8,22.0,5.0,2.9,0.7,0.2,2.1,0.452,0.329,0.749,-7.8,5,0.27
Kelly Olynyk,UTA,32.0,68,28.6,12.5,6.2,3.7,0.9,0.5,2.5,0.499,0.394,0.853,0.2,9,0.412
Kelly Oubre Jr.,CHA,27.0,48,32.2,20.3,5.2,1.1,1.4,0.4,1.3,0.431,0.319,0.76,-5.8,3,0.333
Kendrick Nunn,WAS,27.0,70,13.8,7.1,1.6,1.3,0.4,0.1,0.9,0.424,0.354,0.854,-0.8,0,0.429
Kennedy Chandler,MEM,20.0,36,7.8,2.2,1.1,1.6,0.3,0.1,0.5,0.422,0.133,0.462,-1.1,0,0.611
Kenneth Lofton Jr.,MEM,20.0,24,7.3,5.0,2.1,0.8,0.2,0.1,0.5,0.527,0.353,0.593,-2.0,1,0.625
Kenrich Williams,OKC,28.0,53,22.8,8.0,4.9,2.0,0.8,0.3,0.6,0.517,0.373,0.436,1.4,2,0.491
Kentavious Caldwell-Pope,DEN,30.0,76,31.3,10.8,2.7,2.4,1.5,0.5,1.1,0.462,0.423,0.824,6.5,0,0.671
Kenyon Martin Jr.,HOU,22.0,82,28.0,12.7,5.5,1.5,0.5,0.4,1.1,0.569,0.315,0.68,-4.5,5,0.268
Keon Ellis,SAC,23.0,16,4.4,1.5,0.5,0.4,0.3,0.1,0.1,0.438,0.5,0.571,-1.3,0,0.438
Keon Johnson,POR,21.0,40,10.4,4.7,1.1,1.5,0.5,0.2,1.1,0.376,0.346,0.659,-3.8,0,0.325
Kessler Edwards,SAC,22.0,36,10.7,2.8,1.7,0.6,0.4,0.2,0.4,0.387,0.309,0.733,0.1,0,0.472
Kevin Durant,PHX,34.0,47,35.6,29.1,6.7,5.0,0.7,1.4,3.3,0.56,0.404,0.919,5.5,5,0.723
Kevin Huerter,SAC,24.0,75,29.4,15.2,3.3,2.9,1.1,0.3,1.3,0.485,0.402,0.725,3.0,0,0.587
Kevin Knox II,POR,23.0,63,15.1,6.6,2.8,0.5,0.4,0.2,0.8,0.458,0.349,0.767,-3.6,2,0.19
Kevin Love,MIA,34.0,62,20.0,8.2,6.4,1.9,0.3,0.2,1.1,0.389,0.334,0.879,1.8,6,0.565
Kevin Porter Jr.,HOU,23.0,59,34.3,19.2,5.3,5.7,1.4,0.3,3.2,0.442,0.366,0.784,-5.8,9,0.305
Kevon Harris,ORL,25.0,34,13.4,4.1,2.1,0.5,0.5,0.1,0.6,0.439,0.372,0.756,0.0,0,0.353
Kevon Looney,GSW,27.0,82,23.9,7.0,9.3,2.5,0.6,0.6,0.5,0.63,0.0,0.606,1.9,14,0.537
Khem Birch,SAS,30.0,20,8.1,2.2,1.3,0.4,0.3,0.3,0.4,0.594,0.5,0.8,0.3,0,0.45
Khris Middleton,MIL,31.0,33,24.3,15.1,4.2,4.9,0.7,0.2,2.2,0.436,0.315,0.902,4.0,4,0.758
Killian Hayes,DET,21.0,76,28.3,10.3,2.9,6.2,1.4,0.4,2.3,0.377,0.28,0.821,-6.6,6,0.211
Kira Lewis Jr.,NOP,22.0,25,9.4,4.6,1.3,0.9,0.4,0.1,0.4,0.455,0.441,0.864,2.5,0,0.44
Klay Thompson,GSW,33.0,69,33.0,21.9,4.1,2.4,0.7,0.4,1.8,0.436,0.412,0.879,2.4,2,0.551
Kris Dunn,UTA,29.0,22,25.8,13.2,4.5,5.6,1.1,0.5,1.6,0.537,0.472,0.774,-2.8,3,0.364
Kristaps Porzingis,WAS,27.0,65,32.6,23.2,8.4,2.7,0.9,1.5,2.1,0.498,0.385,0.851,1.2,20,0.415
Kyle Anderson,MIN,29.0,69,28.4,9.4,5.3,4.9,1.1,0.9,1.5,0.509,0.41,0.735,1.3,10,0.522
Kyle Kuzma,WAS,27.0,64,35.0,21.2,7.2,3.7,0.6,0.5,3.0,0.448,0.333,0.73,0.2,14,0.453
Kyle Lowry,MIA,37.0,55,31.2,11.2,4.1,5.1,1.0,0.4,1.9,0.404,0.345,0.859,1.0,2,0.545
Kyrie Irving,DAL,31.0,60,37.3,27.1,5.1,5.5,1.1,0.8,2.1,0.494,0.379,0.905,3.7,5,0.533
LaMelo Ball,CHA,21.0,36,35.2,23.3,6.4,8.4,1.3,0.3,3.6,0.411,0.376,0.843,-4.2,17,0.361
Lamar Stevens,CLE,25.0,62,18.1,5.3,3.3,0.5,0.4,0.3,0.4,0.448,0.316,0.702,0.1,1,0.629
Landry Shamet,PHX,26.0,40,20.2,8.7,1.7,2.3,0.7,0.1,0.9,0.377,0.377,0.882,1.0,0,0.475
Larry Nance Jr.,NOP,30.0,65,21.2,6.8,5.4,1.8,0.9,0.6,0.6,0.61,0.333,0.696,2.8,3,0.523
Lauri Markkanen,UTA,26.0,66,34.4,25.6,8.6,1.9,0.6,0.6,1.9,0.499,0.392,0.875,2.5,28,0.485
LeBron James,LAL,38.0,55,35.5,28.9,8.3,6.8,0.9,0.6,3.2,0.5,0.321,0.768,3.9,18,0.545
Leandro Bolmaro,UTA,22.0,14,4.9,0.4,0.5,0.5,0.2,0.1,0.5,0.15,0.0,0.0,0.1,0,0.571
Lindy Waters III,OKC,25.0,41,12.9,5.2,1.8,0.7,0.3,0.3,0.2,0.393,0.358,0.8,3.3,0,0.488
Lonnie Walker IV,LAL,24.0,56,23.2,11.7,1.9,1.1,0.5,0.3,0.8,0.448,0.365,0.858,-3.7,0,0.482
Luguentz Dort,OKC,24.0,74,30.7,13.7,4.6,2.1,1.0,0.3,1.2,0.388,0.33,0.772,0.5,5,0.486
Luka Doncic,DAL,24.0,66,36.2,32.4,8.6,8.0,1.4,0.5,3.6,0.496,0.342,0.742,1.9,36,0.5
Luka Garza,MIN,24.0,28,8.7,6.5,2.3,0.6,0.1,0.1,0.5,0.543,0.359,0.788,0.6,0,0.536
Luke Kennard,MEM,26.0,59,22.3,9.3,2.7,1.5,0.5,0.1,0.8,0.492,0.494,0.949,3.6,0,0.627
Luke Kornet,BOS,27.0,69,11.7,3.8,2.9,0.8,0.2,0.7,0.4,0.665,0.231,0.821,0.9,0,0.652
Malachi Flynn,TOR,25.0,53,13.0,4.6,1.4,1.3,0.4,0.1,0.5,0.36,0.353,0.758,-0.8,0,0.547
Malaki Branham,SAS,20.0,66,23.5,10.2,2.7,1.9,0.5,0.1,1.2,0.44,0.302,0.829,-5.5,0,0.227
Malcolm Brogdon,BOS,30.0,67,26.0,14.9,4.2,3.7,0.7,0.3,1.5,0.484,0.444,0.87,2.7,0,0.687
Malik Beasley,LAL,26.0,81,25.8,12.7,3.5,1.5,0.8,0.1,1.1,0.395,0.357,0.769,-1.1,1,0.556
Malik Monk,SAC,25.0,77,22.3,13.5,2.6,3.9,0.6,0.3,1.9,0.448,0.359,0.889,0.9,0,0.61
Mamadi Diakite,CLE,26.0,22,8.0,2.6,1.4,0.4,0.2,0.4,0.5,0.48,0.333,1.0,-0.4,0,0.682
MarJon Beauchamp,MIL,22.0,52,13.5,5.1,2.2,0.7,0.4,0.1,0.9,0.395,0.331,0.73,-1.9,0,0.654
Marcus Morris Sr.,LAC,33.0,65,28.1,11.2,4.0,1.8,0.6,0.3,0.9,0.426,0.365,0.782,-0.2,2,0.538
Marcus Smart,BOS,29.0,61,32.1,11.5,3.1,6.3,1.5,0.4,2.3,0.415,0.336,0.746,3.9,6,0.705
Mark Williams,CHA,21.0,43,19.3,9.0,7.1,0.4,0.7,1.0,0.9,0.637,0.0,0.691,-1.8,11,0.419
Markelle Fultz,ORL,25.0,60,29.6,14.0,3.9,5.7,1.5,0.4,2.3,0.514,0.31,0.783,-2.2,3,0.483
Markieff Morris,DAL,33.0,35,10.1,3.8,2.0,0.9,0.3,0.1,0.5,0.409,0.394,1.0,0.3,1,0.486
Marvin Bagley III,DET,24.0,42,23.6,12.0,6.4,0.9,0.5,0.7,1.1,0.529,0.288,0.75,-5.5,8,0.167
Mason Plumlee,LAC,33.0,79,26.0,10.8,8.9,3.1,0.6,0.6,1.5,0.68,0.0,0.636,-3.4,23,0.354
Matisse Thybulle,POR,26.0,71,16.9,4.1,2.0,0.7,1.2,0.5,0.3,0.435,0.365,0.679,-0.2,0,0.535
Matt Ryan,MIN,26.0,34,9.1,3.6,0.8,0.5,0.1,0.0,0.2,0.37,0.381,0.833,0.6,0,0.441
Matthew Dellavedova,SAC,32.0,32,6.6,1.5,0.4,1.3,0.2,0.0,0.3,0.34,0.333,0.571,-1.6,0,0.594
Max Christie,LAL,20.0,41,12.5,3.1,1.8,0.5,0.2,0.2,0.3,0.415,0.419,0.875,-1.9,0,0.463
Max Strus,MIA,27.0,80,28.4,11.5,3.2,2.1,0.5,0.2,0.9,0.41,0.35,0.876,-1.8,2,0.525
Maxi Kleber,DAL,31.0,37,25.1,5.9,3.6,1.4,0.3,0.8,0.7,0.456,0.348,0.711,-1.2,0,0.486
McKinley Wright IV,DAL,24.0,27,12.4,4.2,1.7,2.1,0.3,0.2,0.7,0.469,0.321,0.684,-4.1,0,0.519
Michael Porter Jr.,DEN,24.0,62,29.0,17.4,5.5,1.0,0.6,0.5,1.1,0.487,0.414,0.8,6.7,3,0.661
Mikal Bridges,BKN,26.0,83,35.7,20.1,4.4,3.3,1.1,0.7,1.5,0.468,0.382,0.895,0.4,2,0.506
Mike Conley,MIN,35.0,67,30.3,11.9,2.7,6.7,1.1,0.2,1.5,0.428,0.385,0.834,0.9,6,0.507
Mike Muscala,BOS,31.0,63,15.0,6.1,3.2,0.8,0.2,0.4,0.4,0.449,0.391,0.769,3.2,0,0.508
Miles McBride,NYK,22.0,64,11.9,3.5,0.8,1.1,0.6,0.1,0.4,0.358,0.299,0.667,0.8,0,0.563
Mitchell Robinson,NYK,25.0,59,26.9,7.4,9.4,0.9,0.9,1.8,0.7,0.671,0.0,0.484,3.1,13,0.593
Mo Bamba,LAL,25.0,49,15.7,6.6,4.6,0.9,0.3,0.9,0.6,0.485,0.387,0.661,0.2,2,0.51
Monte Morris,WAS,27.0,62,27.4,10.3,3.4,5.3,0.7,0.2,1.0,0.48,0.382,0.831,0.1,2,0.452
Montrezl Harrell,PHI,29.0,57,11.9,5.6,2.8,0.6,0.3,0.4,0.6,0.598,0.0,0.693,0.3,1,0.614
Moritz Wagner,ORL,26.0,57,19.5,10.5,4.5,1.5,0.6,0.2,1.2,0.5,0.313,0.841,-0.5,3,0.474
Moses Brown,BKN,23.0,36,8.2,4.3,3.9,0.1,0.1,0.4,0.4,0.635,0.0,0.458,0.8,3,0.472
Moses Moody,GSW,21.0,63,13.0,4.8,1.7,0.8,0.3,0.1,0.5,0.476,0.363,0.698,-0.1,0,0.587
Moussa Diabate,LAC,21.0,22,8.9,2.7,2.3,0.2,0.3,0.4,0.4,0.511,0.5,0.625,-1.0,0,0.455
Myles Turner,IND,27.0,62,29.4,18.0,7.5,1.4,0.6,2.3,1.7,0.548,0.373,0.783,-0.8,18,0.468
Naji Marshall,NOP,25.0,77,23.3,9.1,3.6,2.5,0.7,0.2,1.3,0.433,0.303,0.789,0.1,0,0.519
Nassir Little,POR,23.0,54,18.1,6.6,2.6,0.9,0.4,0.4,0.7,0.442,0.367,0.717,-3.5,0,0.407
Nathan Knight,MIN,25.0,38,7.7,3.7,1.5,0.3,0.3,0.2,0.6,0.568,0.364,0.684,-0.2,0,0.5
Naz Reid,MIN,23.0,68,18.4,11.5,4.9,1.1,0.6,0.8,1.4,0.537,0.346,0.677,-1.9,4,0.471
Nerlens Noel,BKN,29.0,17,11.5,2.1,2.7,0.6,0.9,0.6,0.8,0.361,0.5,0.667,-4.4,0,0.235
Nic Claxton,BKN,24.0,76,29.9,12.6,9.2,1.9,0.9,2.5,1.3,0.705,0.0,0.541,1.6,28,0.539
Nick Richards,CHA,25.0,65,18.7,8.2,6.4,0.6,0.2,1.1,0.9,0.629,1.0,0.749,-1.7,14,0.323
Nickeil Alexander-Walker,MIN,24.0,59,15.0,6.2,1.7,1.8,0.5,0.4,0.9,0.444,0.384,0.667,-0.9,0,0.492
Nicolas Batum,LAC,34.0,78,21.9,6.1,3.8,1.6,0.7,0.6,0.6,0.42,0.391,0.708,2.1,0,0.564
Nikola Jokic,DEN,28.0,69,33.7,24.5,11.8,9.8,1.3,0.7,3.6,0.632,0.383,0.822,9.3,58,0.696
Nikola Jovic,MIA,19.0,15,13.6,5.5,2.1,0.7,0.5,0.1,0.7,0.406,0.229,0.947,-1.1,0,0.467
Nikola Vucevic,CHI,32.0,82,33.5,17.6,11.0,3.2,0.7,0.7,1.7,0.52,0.349,0.835,-0.2,51,0.488
Noah Vonleh,BOS,27.0,23,7.5,1.1,2.1,0.3,0.1,0.3,0.5,0.458,0.25,1.0,-0.6,0,0.739
Norman Powell,LAC,30.0,60,26.1,17.0,2.9,1.8,0.8,0.3,1.7,0.479,0.397,0.812,-2.1,0,0.517
O.G. Anunoby,TOR,25.0,67,35.6,16.8,5.0,2.0,1.9,0.7,2.0,0.476,0.387,0.838,2.0,2,0.493
Obi Toppin,NYK,25.0,67,15.7,7.4,2.8,1.0,0.3,0.2,0.6,0.446,0.344,0.809,0.9,0,0.552
Ochai Agbaji,UTA,23.0,59,20.5,7.9,2.1,1.1,0.3,0.3,0.7,0.427,0.355,0.812,-0.3,0,0.492
Onyeka Okongwu,ATL,22.0,80,23.1,9.9,7.2,1.0,0.7,1.3,1.0,0.638,0.308,0.781,0.8,12,0.513
Orlando Robinson,MIA,22.0,31,13.7,3.7,4.1,0.8,0.4,0.4,0.5,0.528,0.0,0.71,0.9,0,0.581
Oshae Brissett,IND,24.0,65,16.7,6.1,3.4,0.7,0.5,0.2,0.5,0.386,0.31,0.717,0.3,1,0.415
Ousmane Dieng,OKC,20.0,39,14.6,4.9,2.7,1.2,0.4,0.2,0.7,0.42,0.265,0.652,1.0,0,0.513
P.J. Tucker,PHI,38.0,75,25.6,3.5,3.9,0.8,0.5,0.2,0.6,0.427,0.393,0.826,1.8,0,0.64
P.J. Washington,CHA,24.0,73,32.6,15.7,4.9,2.4,0.9,1.1,1.5,0.444,0.348,0.73,-5.1,3,0.329
PJ Dozier,SAC,26.0,16,5.0,1.4,0.9,0.6,0.4,0.1,0.3,0.303,0.125,0.0,-1.4,0,0.688
Paolo Banchero,ORL,20.0,72,33.7,20.0,6.9,3.7,0.8,0.5,2.8,0.427,0.298,0.738,-3.0,14,0.431
Pascal Siakam,TOR,29.0,71,37.4,24.2,7.8,5.8,0.9,0.5,2.4,0.48,0.324,0.774,1.7,24,0.493
Pat Connaughton,MIL,30.0,61,23.7,7.6,4.6,1.3,0.6,0.2,0.5,0.392,0.339,0.659,2.2,2,0.705
Patrick Baldwin Jr.,GSW,20.0,31,7.3,3.9,1.3,0.4,0.2,0.1,0.4,0.394,0.381,0.667,-1.6,0,0.484
Patrick Beverley,CHI,34.0,67,27.1,6.2,3.7,2.9,0.9,0.6,0.9,0.4,0.335,0.723,-1.2,2,0.507
Patrick Williams,CHI,21.0,82,28.3,10.2,4.0,1.2,0.9,0.9,1.2,0.464,0.415,0.857,-1.7,1,0.488
Patty Mills,BKN,34.0,40,14.2,6.2,1.1,1.4,0.4,0.1,0.8,0.411,0.366,0.833,-1.7,0,0.45
Paul George,LAC,33.0,56,34.6,23.8,6.1,5.1,1.5,0.4,3.1,0.457,0.371,0.871,2.8,8,0.571
Paul Reed,PHI,23.0,69,10.9,4.2,3.8,0.4,0.7,0.7,0.7,0.593,0.167,0.745,-0.2,5,0.638
Payton Pritchard,BOS,25.0,48,13.4,5.6,1.8,1.3,0.3,0.0,0.8,0.412,0.364,0.75,0.3,1,0.667
Peyton Watson,DEN,20.0,23,8.1,3.3,1.6,0.5,0.1,0.5,0.3,0.492,0.429,0.55,-2.0,0,0.565
Precious Achiuwa,TOR,23.0,55,20.7,9.2,6.0,0.9,0.6,0.5,1.1,0.485,0.269,0.702,-0.7,10,0.545
Quentin Grimes,NYK,23.0,71,29.9,11.3,3.2,2.1,0.7,0.4,1.0,0.468,0.386,0.796,2.6,0,0.577
R.J. Hampton,DET,22.0,47,15.9,6.4,1.9,1.1,0.6,0.2,0.9,0.43,0.353,0.75,-3.0,0,0.191
RJ Barrett,NYK,22.0,73,33.9,19.6,5.0,2.8,0.4,0.2,2.2,0.434,0.31,0.74,-0.8,3,0.548
Raul Neto,CLE,31.0,48,10.5,3.3,1.0,1.6,0.4,0.1,0.5,0.518,0.286,0.912,0.2,0,0.646
Reggie Bullock,DAL,32.0,78,30.3,7.2,3.6,1.4,0.7,0.2,0.5,0.409,0.38,0.703,-1.1,1,0.474
Reggie Jackson,DEN,33.0,68,24.4,10.2,2.1,3.4,0.7,0.1,1.7,0.411,0.333,0.91,-1.2,1,0.529
Richaun Holmes,SAC,29.0,42,8.3,3.1,1.9,0.2,0.1,0.3,0.3,0.618,0.625,0.789,-1.6,1,0.524
Ricky Rubio,CLE,32.0,33,17.2,5.2,2.1,3.5,0.8,0.2,0.9,0.343,0.256,0.8,1.4,0,0.697
Robert Covington,LAC,32.0,48,16.2,6.0,3.5,1.2,0.8,0.7,0.7,0.445,0.397,0.75,-0.1,0,0.417
Robert Williams III,BOS,25.0,35,23.5,8.0,8.3,1.4,0.6,1.4,1.0,0.747,0.0,0.61,4.9,6,0.686
Robin Lopez,CLE,35.0,37,8.1,3.0,1.4,0.5,0.1,0.2,0.7,0.64,0.5,0.778,-1.6,0,0.676
Rodney McGruder,DET,31.0,32,16.4,5.7,2.3,0.9,0.5,0.0,0.3,0.408,0.423,0.818,-1.4,0,0.125
Romeo Langford,SAS,23.0,43,19.6,6.9,2.7,1.2,0.6,0.3,0.7,0.467,0.262,0.696,-4.2,0,0.326
Royce O'Neale,BKN,30.0,76,31.7,8.8,5.1,3.7,0.9,0.6,1.5,0.386,0.389,0.725,1.0,4,0.553
Rudy Gay,UTA,36.0,56,14.6,5.2,2.9,1.0,0.3,0.3,0.7,0.378,0.252,0.857,1.0,0,0.518
Rudy Gobert,MIN,30.0,70,30.7,13.4,11.6,1.2,0.8,1.4,1.7,0.659,0.0,0.644,-0.1,35,0.486
Rui Hachimura,LAL,25.0,63,23.3,11.2,4.5,0.9,0.3,0.4,0.8,0.486,0.319,0.739,-0.4,2,0.603
Russell Westbrook,LAC,34.0,73,29.1,15.9,5.8,7.5,1.0,0.5,3.5,0.436,0.311,0.656,-0.3,24,0.493
Ryan Arcidiacono,POR,29.0,20,8.6,1.3,0.8,1.2,0.3,0.0,0.4,0.243,0.348,0.0,-2.0,0,0.45
Ryan Rollins,GSW,20.0,12,5.2,1.9,1.0,0.5,0.1,0.1,1.3,0.35,0.333,1.0,-3.9,0,0.417
Saben Lee,PHX,23.0,25,14.9,6.0,1.8,2.7,0.8,0.0,1.0,0.405,0.367,0.737,-1.2,1,0.6
Saddiq Bey,ATL,24.0,77,27.6,13.8,4.7,1.5,0.9,0.2,0.9,0.422,0.361,0.861,-1.9,4,0.312
Sam Hauser,BOS,25.0,80,16.1,6.4,2.6,0.9,0.4,0.3,0.4,0.455,0.418,0.706,2.7,0,0.688
Sandro Mamukelashvili,SAS,24.0,43,15.3,6.1,4.3,1.4,0.3,0.3,0.8,0.422,0.303,0.684,-2.7,2,0.535
Santi Aldama,MEM,22.0,77,21.8,9.0,4.8,1.3,0.6,0.6,0.8,0.47,0.353,0.75,1.2,4,0.61
Scottie Barnes,TOR,21.0,77,34.8,15.3,6.6,4.8,1.1,0.8,2.0,0.456,0.281,0.772,2.3,15,0.494
Serge Ibaka,MIL,33.0,16,11.6,4.1,2.8,0.3,0.1,0.4,0.7,0.481,0.333,0.615,-1.6,0,0.688
Seth Curry,BKN,32.0,61,19.8,9.2,1.6,1.6,0.6,0.1,0.8,0.463,0.405,0.927,-1.1,0,0.607
Shaedon Sharpe,POR,20.0,80,22.2,9.9,3.0,1.2,0.5,0.3,1.0,0.472,0.36,0.714,-3.7,0,0.4
Shai Gilgeous-Alexander,OKC,24.0,68,35.5,31.4,4.8,5.5,1.6,1.0,2.8,0.51,0.345,0.905,2.2,3,0.485
Shake Milton,PHI,26.0,76,20.6,8.4,2.5,3.2,0.3,0.2,1.2,0.479,0.378,0.853,1.9,3,0.684
Simone Fontecchio,UTA,27.0,52,14.7,6.3,1.7,0.8,0.3,0.2,0.8,0.369,0.33,0.795,-3.9,0,0.481
Spencer Dinwiddie,BKN,30.0,79,34.5,17.3,3.4,6.5,0.8,0.3,1.8,0.438,0.369,0.812,-0.1,9,0.519
Stanley Johnson,SAS,27.0,30,15.6,5.8,3.2,2.2,0.5,0.2,1.1,0.533,0.45,0.667,-3.1,0,0.167
Stephen Curry,GSW,35.0,56,34.7,29.4,6.1,6.3,0.9,0.4,3.2,0.493,0.427,0.915,4.8,12,0.536
Steven Adams,MEM,29.0,42,27.0,8.6,11.5,2.3,0.9,1.1,1.9,0.597,0.0,0.364,5.8,15,0.667
Svi Mykhailiuk,CHA,25.0,32,14.6,6.9,1.7,1.7,0.5,0.1,0.8,0.445,0.424,0.667,0.6,0,0.5
T.J. McConnell,IND,31.0,75,20.4,8.7,3.1,5.3,1.1,0.1,1.9,0.543,0.441,0.853,-0.8,6,0.413
T.J. Warren,PHX,29.0,42,16.4,7.5,2.9,1.0,0.5,0.3,0.5,0.489,0.328,0.8,1.3,0,0.619
Taj Gibson,WAS,37.0,49,9.8,3.4,1.9,0.7,0.3,0.2,0.5,0.52,0.333,0.714,-0.1,0,0.429
Talen Horton-Tucker,UTA,22.0,65,20.2,10.7,3.2,3.8,0.6,0.4,1.9,0.419,0.286,0.75,-0.1,2,0.462
Tari Eason,HOU,22.0,82,21.6,9.3,6.0,1.1,1.2,0.6,1.2,0.448,0.343,0.752,-1.9,7,0.268
Taurean Prince,MIN,29.0,54,22.1,9.1,2.4,1.6,0.5,0.3,1.3,0.467,0.381,0.844,0.0,0,0.574
Terance Mann,LAC,26.0,81,23.1,8.8,3.4,2.3,0.5,0.3,1.0,0.519,0.389,0.78,0.0,1,0.543
Terence Davis,SAC,26.0,64,13.1,6.7,2.2,1.0,0.7,0.2,0.8,0.423,0.366,0.791,0.7,0,0.594
Terrence Ross,PHX,32.0,63,21.1,8.3,2.4,1.5,0.6,0.2,0.7,0.43,0.368,0.794,-1.2,0,0.429
Terry Rozier,CHA,29.0,63,35.3,21.1,4.1,5.1,1.2,0.3,2.1,0.415,0.327,0.809,-4.6,1,0.302
Terry Taylor,CHI,23.0,31,8.5,2.9,1.5,0.3,0.1,0.2,0.3,0.52,0.263,0.545,0.6,0,0.419
Thaddeus Young,TOR,34.0,54,14.7,4.4,3.1,1.4,1.0,0.1,0.8,0.545,0.176,0.692,-1.7,0,0.426
Thanasis Antetokounmpo,MIL,30.0,37,5.6,1.4,1.2,0.4,0.1,0.1,0.3,0.435,0.0,0.5,-3.1,0,0.676
Theo Maledon,CHA,21.0,44,19.4,6.7,2.8,3.5,0.8,0.3,1.3,0.402,0.295,0.851,-3.3,1,0.318
Theo Pinson,DAL,27.0,40,8.1,2.4,1.6,1.2,0.2,0.0,0.3,0.356,0.355,0.846,-1.3,1,0.475
Thomas Bryant,DEN,25.0,59,18.3,9.8,5.7,0.5,0.3,0.5,0.6,0.623,0.441,0.738,-1.6,9,0.559
Tim Hardaway Jr.,DAL,31.0,71,30.3,14.4,3.5,1.8,0.7,0.2,0.8,0.401,0.385,0.77,2.3,0,0.521
Tobias Harris,PHI,30.0,74,32.9,14.7,5.7,2.5,0.9,0.5,1.2,0.501,0.389,0.876,4.0,7,0.635
Tony Bradley,CHI,25.0,12,2.8,1.6,0.9,0.1,0.1,0.1,0.1,0.5,0.6,1.0,0.9,0,0.417
Torrey Craig,PHX,32.0,79,24.7,7.4,5.4,1.5,0.6,0.8,0.9,0.456,0.395,0.711,-2.2,4,0.557
Trae Young,ATL,24.0,73,34.8,26.2,3.0,10.2,1.1,0.1,4.1,0.429,0.335,0.886,1.4,40,0.521
Tre Jones,SAS,23.0,68,29.2,12.9,3.6,6.6,1.3,0.1,1.6,0.459,0.285,0.86,-4.8,6,0.294
Tre Mann,OKC,22.0,67,17.7,7.7,2.3,1.8,0.6,0.2,0.9,0.393,0.315,0.764,0.9,1,0.463
Trendon Watford,POR,22.0,62,19.1,7.4,3.8,2.1,0.5,0.2,1.1,0.56,0.391,0.72,-2.9,3,0.419
Trent Forrest,ATL,24.0,23,12.0,2.3,1.6,1.7,0.3,0.1,0.7,0.417,0.0,0.667,-2.5,0,0.391
Trey Lyles,SAC,27.0,74,16.9,7.6,4.1,0.9,0.4,0.4,0.9,0.458,0.363,0.815,1.4,1,0.581
Trey Murphy III,NOP,22.0,79,31.0,14.5,3.6,1.4,1.1,0.5,0.8,0.484,0.406,0.905,0.5,1,0.494
Troy Brown Jr.,LAL,23.0,76,24.5,7.1,4.1,1.3,0.8,0.2,0.6,0.43,0.381,0.872,-0.2,2,0.526
Ty Jerome,GSW,25.0,45,18.1,6.9,1.7,3.0,0.5,0.1,0.7,0.488,0.389,0.927,-2.0,0,0.489
TyTy Washington Jr.,HOU,21.0,31,14.0,4.7,1.5,1.5,0.5,0.1,0.5,0.363,0.238,0.556,-1.5,0,0.194
Tyler Herro,MIA,23.0,67,34.9,20.1,5.4,4.2,0.8,0.2,2.4,0.439,0.378,0.934,2.5,6,0.552
Tyrese Haliburton,IND,23.0,56,33.6,20.7,3.7,10.4,1.6,0.4,2.5,0.49,0.4,0.871,-0.6,32,0.5
Tyrese Martin,ATL,24.0,16,4.1,1.3,0.8,0.1,0.1,0.0,0.1,0.391,0.143,1.0,0.1,0,0.625
Tyrese Maxey,PHI,22.0,60,33.6,20.3,2.9,3.5,0.8,0.1,1.3,0.481,0.434,0.845,4.0,0,0.65
Tyus Jones,MEM,27.0,80,24.2,10.3,2.5,5.2,1.0,0.1,0.9,0.438,0.371,0.806,1.2,9,0.638
Udoka Azubuike,UTA,23.0,36,10.0,3.5,3.3,0.3,0.2,0.4,0.5,0.819,0.0,0.35,-2.3,0,0.472
Usman Garuba,HOU,21.0,75,12.9,3.0,4.1,0.9,0.6,0.4,0.6,0.486,0.407,0.617,-3.4,0,0.28
Vernon Carey Jr.,UTA,22.0,11,2.6,0.5,1.0,0.3,0.2,0.2,0.2,0.25,0.0,1.0,-0.9,0,0.727
Victor Oladipo,MIA,31.0,42,26.3,10.7,3.0,3.5,1.4,0.3,2.1,0.397,0.33,0.747,-0.8,0,0.548
Vince Williams Jr.,MEM,22.0,15,7.0,2.0,1.0,0.3,0.4,0.1,0.3,0.3,0.143,1.0,-2.3,0,0.467
Vit Krejci,ATL,22.0,29,5.7,1.2,0.9,0.6,0.2,0.0,0.2,0.405,0.238,0.5,-0.1,0,0.517
Vlatko Cancar,DEN,26.0,60,14.8,5.0,2.1,1.3,0.4,0.2,0.6,0.476,0.374,0.927,-1.1,1,0.633
Walker Kessler,UTA,21.0,74,23.0,9.2,8.4,0.9,0.4,2.3,0.8,0.72,0.333,0.516,1.0,20,0.459
Wendell Carter Jr.,ORL,24.0,57,29.6,15.2,8.7,2.3,0.5,0.6,1.9,0.525,0.356,0.738,-0.7,21,0.456
Wendell Moore Jr.,MIN,21.0,29,5.3,1.4,0.6,0.6,0.3,0.2,0.3,0.419,0.118,0.8,-1.8,0,0.552
Wenyen Gabriel,LAL,26.0,68,15.1,5.5,4.2,0.5,0.4,0.5,0.7,0.596,0.278,0.619,-0.5,0,0.544
Wesley Matthews,MIL,36.0,52,15.8,3.4,2.2,0.7,0.4,0.3,0.3,0.363,0.315,0.857,1.0,0,0.712
Will Barton,TOR,32.0,56,17.7,6.8,2.4,2.0,0.5,0.2,0.9,0.379,0.367,0.787,-3.0,0,0.482
Willy Hernangomez,NOP,29.0,38,12.0,6.9,4.7,0.9,0.4,0.3,1.0,0.527,0.273,0.779,0.5,2,0.605
Xavier Cooks,WAS,27.0,10,12.6,3.8,3.8,0.6,0.6,0.4,0.8,0.607,0.0,0.4,1.9,1,0.2
Xavier Tillman,MEM,24.0,61,19.3,7.0,5.0,1.6,1.0,0.5,0.7,0.614,0.267,0.551,0.0,4,0.656
Yuta Watanabe,BKN,28.0,58,16.0,5.6,2.4,0.8,0.4,0.3,0.4,0.491,0.444,0.723,-0.1,0,0.517
Zach Collins,SAS,25.0,63,22.9,11.6,6.4,2.9,0.6,0.8,2.0,0.518,0.374,0.761,-3.8,9,0.317
Zach LaVine,CHI,28.0,77,35.9,24.8,4.5,4.2,0.9,0.2,2.5,0.485,0.375,0.848,0.2,2,0.494
Zeke Nnaji,DEN,22.0,53,13.7,5.2,2.6,0.3,0.3,0.4,0.6,0.561,0.262,0.645,-1.8,1,0.642
Ziaire Williams,MEM,21.0,37,15.2,5.7,2.1,0.9,0.4,0.2,1.0,0.429,0.258,0.773,-2.1,0,0.568
Zion Williamson,NOP,22.0,29,33.0,26.0,7.0,4.6,1.1,0.6,3.4,0.608,0.368,0.714,5.1,5,0.586
